Nro,PROVINCIA,CANTÓN,PARROQUIA,RAZÓN.SOCIAL.CONCENTRADOR,RAZÓN.SOCIAL.IFI,RAZÓN.SOCIAL.AGENCIA,NOMBRE.AGENCIA,TIPO.AGENCIA,DIRECCIÓN,admin_area,country,ubicacion_aproximada,query_address,lon,lat
1,EL ORO,MACHALA,MACHALA,Financoop,COAC CORPORACION CENTRO,COAC CORPORACION CENTRO,COAC CORPORACION CENTRO LTDA MACHALA,COAC,BOLIVAR ENTRE JUNIN Y JUAN MONTALVO CC LA FERIA,EL ORO,EC,FALSE,"BOLIVAR ENTRE JUNIN Y JUAN MONTALVO CC LA FERIA, MACHALA, MACHALA",-79.95402779999999,-3.2550197
1,EL ORO,MACHALA,MACHALA,Banco del Pacífico,BANECUADOR,BANECUADOR,BNF-MACHALA,BANCA PÚBLICA,9 DE MAYO N? 1801 AV 25 DE JUNIO,EL ORO,EC,FALSE,"9 DE MAYO N? 1801 AV 25 DE JUNIO, MACHALA, MACHALA",-79.9575699,-3.260153
1,EL ORO,MACHALA,MACHALA,Banco del Pacífico,BANCO DEL PACIFICO,BANCO DEL PACIFICO,MACHALA-PUERTO BOLIVAR,BANCA PRIVADA,AUTORIDAD PORTUARIA AV.BOLÍVAR MADERO VARGAS,EL ORO,EC,FALSE,"AUTORIDAD PORTUARIA AV.BOLÍVAR MADERO VARGAS, MACHALA, MACHALA",-79.99503349999999,-3.2611403
1,EL ORO,MACHALA,MACHALA,Banco del Pacífico,BANCO DEL PACIFICO,BANCO DEL PACIFICO,MACHALA-EL PASEO SHOPPING,BANCA PRIVADA,KM. 4.5 VÍA PASAJE,EL ORO,EC,FALSE,"KM. 4.5 VÍA PASAJE, MACHALA, MACHALA",-79.94109399999999,-3.261906
1,EL ORO,MACHALA,MACHALA,Banco del Pacífico,BANCO DEL PACIFICO,BANCO DEL PACIFICO,CNB SOFT_RP ANGEL CAMACHO,CNB,ROCAFUERTO ENTRE JUNIN Y TARQUI,EL ORO,EC,FALSE,"ROCAFUERTO ENTRE JUNIN Y TARQUI, MACHALA, MACHALA",-79.95756800000001,-3.2612084
1,EL ORO,MACHALA,MACHALA,Banco del Pacífico,BANCO DEL PACIFICO,BANCO DEL PACIFICO,CNB SOFT_RP COPY EXPRESS,CNB,MANUEL SERRANO Y GUAYAS,EL ORO,EC,FALSE,"MANUEL SERRANO Y GUAYAS, MACHALA, MACHALA",-79.96278459999999,-3.261832
1,EL ORO,MACHALA,MACHALA,Banco del Pacífico,BANCO DEL PACIFICO,BANCO DEL PACIFICO,CNB SOFT_RP COPY EXPRESS 2,CNB,SAN MARTIN Y JUAN MONTALVO,EL ORO,EC,FALSE,"SAN MARTIN Y JUAN MONTALVO, MACHALA, MACHALA",-79.9632697,-3.264633
1,EL ORO,MACHALA,MACHALA,Banco del Pacífico,COOPERATIVA DE AHORRO Y CREDITO COOPROGRESO,COOPERATIVA DE AHORRO Y CREDITO COOPROGRESO,MACHALA,COAC,AVENIDA CENTRAL 25 DE JUNIO,EL ORO,EC,FALSE,"AVENIDA CENTRAL 25 DE JUNIO, MACHALA, MACHALA",-79.96600939999999,-3.2524792
1,EL ORO,MACHALA,MACHALA,Banco del Pacífico,COOPERATIVA DE AHORRO Y CREDITO ERCO LTDA,COOPERATIVA DE AHORRO Y CREDITO ERCO LTDA,AGENCIA MACHALA,COAC,Bolivar s/n y Guayas,EL ORO,EC,FALSE,"Bolivar  y Guayas, MACHALA, MACHALA",-79.9606328,-3.2594223
1,EL ORO,MACHALA,MACHALA,Banco del Pacífico,TRANSFERUNION,TRANSFERUNION,TIA CALLE SUCRE MACHALA,CNB,"CALLE SUCRE # 414 Y 9 DE MAYO, DENTRO DEL ALMACÉN TIA",EL ORO,EC,TRUE,"MACHALA, MACHALA",-79.9553924,-3.2581112
1,EL ORO,MACHALA,MACHALA,Red Transaccional Cooperativa S.A.,COAC DE LA PEQUENA EMPRESA BIBLIAN,COAC DE LA PEQUENA EMPRESA BIBLIAN,MACHALA,COAC,BOLIVAR - JUAN MOLTAVO,EL ORO,EC,FALSE,"BOLIVAR - JUAN MOLTAVO, MACHALA, MACHALA",-79.9593958,-3.2605797
1,EL ORO,MACHALA,MACHALA,Red Transaccional Cooperativa S.A.,COAC VICENTINA MANUEL ESTEBAN GODOY ORTEGA,COAC VICENTINA MANUEL ESTEBAN GODOY ORTEGA,Machala,COAC,Rocafuerte 714,EL ORO,EC,FALSE,"Rocafuerte 714, MACHALA, MACHALA",-79.9564305,-3.2619886
1,EL ORO,MACHALA,MACHALA,Red Transaccional Cooperativa S.A.,COOPERATIVA DE AHORRO Y CREDITO JARDIN AZUAYO,COOPERATIVA DE AHORRO Y CREDITO JARDIN AZUAYO,MACHALA,COAC,Av 25 de Junio Centro Comercial La Piazza,EL ORO,EC,FALSE,"Av 25 de Junio Centro Comercial La Piazza, MACHALA, MACHALA",-79.94200459999999,-3.2712631
1,EL ORO,MACHALA,MACHALA,Red Transaccional Cooperativa S.A.,COOPERATIVA DE AHORRO Y CREDITO ONCE DE JUNIO,COOPERATIVA DE AHORRO Y CREDITO ONCE DE JUNIO,Matriz,COAC,JUNIN Y BOLIVAR ESQ MACHALA,EL ORO,EC,FALSE,"JUNIN Y BOLIVAR ESQ MACHALA, MACHALA, MACHALA",-79.9583878,-3.2615396
1,EL ORO,MACHALA,MACHALA,Representaciones Ordoñez y Negrete REPORNE S.A.,COOPERATIVA DE AHORRO Y CREDITO 29 DE OCTUBRE,COOPERATIVA DE AHORRO Y CREDITO 29 DE OCTUBRE,MACHALA,COAC,BOLIVAR 2013 Y GUAYAS ESQ.,EL ORO,EC,FALSE,"BOLIVAR 2013 Y GUAYAS ESQ., MACHALA, MACHALA",-79.9606328,-3.2594223
1,EL ORO,MACHALA,MACHALA,BANRED,BANCO DE GUAYAQUIL,BANCO DE GUAYAQUIL,00057  JUNIN,BANCA PRIVADA,JUNIN E  SUCRE Y 9 DE OCTUBRE,EL ORO,EC,FALSE,"JUNIN E  SUCRE Y 9 DE OCTUBRE, MACHALA, MACHALA",-79.9564137,-3.2599115
1,EL ORO,MACHALA,MACHALA,BANRED,BANCO DE GUAYAQUIL,BANCO DE GUAYAQUIL,00023  MACHALA,BANCA PRIVADA,ROCAFUERTE Y GUAYAS ESQ,EL ORO,EC,FALSE,"ROCAFUERTE Y GUAYAS ESQ, MACHALA, MACHALA",-79.9601524,-3.2588615
1,EL ORO,MACHALA,MACHALA,BANRED,BANCO PICHINCHA,BANCO PICHINCHA,00229  AG   MACHALA B,BANCA PRIVADA,AV ROCAFUERTE NO 906 ENTRE 9 DE MAYO Y JUAN MONTALVO,EL ORO,EC,FALSE,"AV ROCAFUERTE NO 906 ENTRE 9 DE MAYO Y JUAN MONTALVO, MACHALA, MACHALA",-79.9588952,-3.2598895
1,EL ORO,MACHALA,MACHALA,BANRED,BANCO PICHINCHA,BANCO PICHINCHA,00193 SUC BGR MACHALA,BANCA PRIVADA,AYACUCHO ENTRE 9 DE OCTUBRE Y SUCRE,EL ORO,EC,FALSE,"AYACUCHO ENTRE 9 DE OCTUBRE Y SUCRE, MACHALA, MACHALA",-79.9561588,-3.2529805
1,EL ORO,MACHALA,MACHALA,BANRED,BANCO PICHINCHA,BANCO PICHINCHA,00274 AG BAHIA,BANCA PRIVADA,COLON N1510 ENTRE SUCRE Y OLMEDO,EL ORO,EC,FALSE,"COLON N1510 ENTRE SUCRE Y OLMEDO, MACHALA, MACHALA",-79.95787100000001,-3.2640119
1,EL ORO,MACHALA,MACHALA,BANRED,BANCO PICHINCHA,BANCO PICHINCHA,00047 SUC MACHALA,BANCA PRIVADA,ROCAFUERTE Y GUAYAS,EL ORO,EC,FALSE,"ROCAFUERTE Y GUAYAS, MACHALA, MACHALA",-79.9601524,-3.2588615
1,EL ORO,MACHALA,MACHALA,BANRED,BANCO PICHINCHA,BANCO PICHINCHA,00293  AG   PASEO SHOPPING MACHALA,BANCA PRIVADA,PASEO SHOPPING MACHALA  KM 1 1  2 V?A MACHALA  PASAJE,EL ORO,EC,FALSE,"PASEO SHOPPING MACHALA  KM 1 1  2 V?A MACHALA  PASAJE, MACHALA, MACHALA",-79.93212079999999,-3.2805405
1,EL ORO,MACHALA,MACHALA,BANRED,BANCO DE MACHALA,BANCO DE MACHALA,00136  MERCADO 25 DE JUNIO,BANCA PRIVADA,PICHINCHA Y NAPOLEON MERA,EL ORO,EC,FALSE,"PICHINCHA Y NAPOLEON MERA, MACHALA, MACHALA",-79.9559143,-3.2660213
1,EL ORO,MACHALA,MACHALA,BANRED,COOPERATIVA DE AHORRO Y CREDITO SANTA ROSA,COOPERATIVA DE AHORRO Y CREDITO SANTA ROSA,2 MACHALA,COAC,ROCAFUERTE E/COLON Y BUENAVISTA,EL ORO,EC,FALSE,"ROCAFUERTE E/COLON Y BUENAVISTA, MACHALA, MACHALA",-79.9561913,-3.2621984
1,EL ORO,MACHALA,MACHALA,BANRED,COOPERATIVA DE AHORRO Y CREDITO FERNANDO DAQUILEMA,COOPERATIVA DE AHORRO Y CREDITO FERNANDO DAQUILEMA,AGENCIA MACHALA,COAC,Rocafuerte Entre Avenida 9 de Mayo y Juan Montalvo,EL ORO,EC,FALSE,"Rocafuerte Entre Avenida 9 de Mayo y Juan Montalvo, MACHALA, MACHALA",-79.9593905,-3.259485
1,EL ORO,MACHALA,MACHALA,BANRED,BANCO PICHINCHA,JARAMILLO RIOS DEBBYE MADELAINE,PUNTO PAGO,CNB,AV. 25 DE JUNIO,EL ORO,EC,FALSE,"AV. 25 DE JUNIO, MACHALA, MACHALA",-79.9523968,-3.2649958
1,EL ORO,MACHALA,MACHALA,BANRED,BANCO PICHINCHA,ORDONEZ JARA NUBE GRACIELA,TIENDA NIÑO JHON,CNB,NOVENA ESTE,EL ORO,EC,FALSE,"NOVENA ESTE, MACHALA, MACHALA",-79.949337,-3.2642358
1,EL ORO,MACHALA,MACHALA,BANRED,BANCO PICHINCHA,LALVAY LALVAY WALTER RODRIGO,CYBER Y PAPELERIA MATEO,CNB,10 DE AGOSTO,EL ORO,EC,FALSE,"10 DE AGOSTO, MACHALA, MACHALA",-79.948287,-3.2601422
1,EL ORO,MACHALA,MACHALA,BANRED,BANCO PICHINCHA,MOTOCHE APOLO JONHI DINORA,CNB RECAUDACIONES DINOS,CNB,AVENIDA LAS PLAMERAS,EL ORO,EC,FALSE,"AVENIDA LAS PLAMERAS, MACHALA, MACHALA",-79.9633353,-3.2569297
1,EL ORO,MACHALA,MACHALA,BANRED,BANCO PICHINCHA,JIMENEZ CAÑAR GERMANIA HERMANDINA,CNB MINIMARKET WILLIAMS,CNB,BUENAVISTA,EL ORO,EC,FALSE,"BUENAVISTA, MACHALA, MACHALA",-79.9502043,-3.2571672
1,EL ORO,MACHALA,MACHALA,BANRED,BANCO PICHINCHA,COJITAMBO SANDOVAL LUZ ESPERANZA,CNB TIENDA JAMILETH,CNB,DCLA EL BOSQUE,EL ORO,EC,FALSE,"DCLA EL BOSQUE, MACHALA, MACHALA",-79.95589129999999,-3.2604076
1,EL ORO,MACHALA,MACHALA,BANRED,BANCO PICHINCHA,BLACIO CASTILLO RODRIGO COLON,CNB CREDI SERVICOMP,CNB,COLON,EL ORO,EC,FALSE,"COLON, MACHALA, MACHALA",-79.9493213,-3.2550028
1,EL ORO,MACHALA,MACHALA,BANRED,BANCO PICHINCHA,CAMPOVERDE CUENCA TORIVIO MOISES,CNB TIENDA BAZAR CAMPOVERDE,CNB,CIRCUNVALACION NORTE,EL ORO,EC,FALSE,"CIRCUNVALACION NORTE, MACHALA, MACHALA",-79.95656269999999,-3.2465716
1,EL ORO,MACHALA,MACHALA,BANRED,BANCO PICHINCHA,ORDOÑEZ BALCAZAR DARWIN AMADEO,CNB BAZAR VALERIA,CNB,PASAJE,EL ORO,EC,FALSE,"PASAJE, MACHALA, MACHALA",-79.9579809,-3.2572825
1,EL ORO,MACHALA,MACHALA,BANRED,BANCO PICHINCHA,REYES DURAZNO DAYSE FABIOLA,CNB COMERCIAL REYES,CNB,9NA OESTE,EL ORO,EC,FALSE,"9NA OESTE, MACHALA, MACHALA",-79.96558449999999,-3.2514931
1,EL ORO,MACHALA,MACHALA,BANRED,BANCO DE GUAYAQUIL,AGUILAR MOROCHO SARITA MARIA,COMISARIATO 9 DE OCTUBRE,CNB,AV 25 DE JUNIO  Y 23 DE ABRIL,EL ORO,EC,FALSE,"AV 25 DE JUNIO  Y 23 DE ABRIL, MACHALA, MACHALA",-79.9531573,-3.2642748
1,EL ORO,MACHALA,MACHALA,BANRED,BANCO DE GUAYAQUIL,YAGUACHI CELI CARLOS EFRAIN,TIENDA MARIBEL,CNB,4TA. ESTE Y AV. FERROVIARIA,EL ORO,EC,FALSE,"4TA. ESTE Y AV. FERROVIARIA, MACHALA, MACHALA",-79.9025612,-3.2860219
1,EL ORO,MACHALA,MACHALA,BANRED,BANCO DE GUAYAQUIL,GUTIERREZ CHAMBA TERESA DE JESUS,TELEFONIA,CNB,CALLE PASAJE S/N Y DECIMA OESTE ESQ.,EL ORO,EC,FALSE,"CALLE PASAJE  Y DECIMA OESTE ESQ., MACHALA, MACHALA",-79.9738818,-3.2616616
1,EL ORO,MACHALA,MACHALA,BANRED,BANCO DE GUAYAQUIL,VINUEZA CASTRO FAUSTO ANIBAL,CABINAS 25 DE JUNIO 2,CNB,25 DE JUNIO Y AYACUCHO,EL ORO,EC,FALSE,"25 DE JUNIO Y AYACUCHO, MACHALA, MACHALA",-79.9600988,-3.257651
1,EL ORO,MACHALA,MACHALA,BANRED,BANCO DE GUAYAQUIL,VINUEZA CASTRO FAUSTO ANIBAL,CABINAS 25 DE JUNIO,CNB,25 DE JUNIO Y AYACUCHO,EL ORO,EC,FALSE,"25 DE JUNIO Y AYACUCHO, MACHALA, MACHALA",-79.9600988,-3.257651
1,EL ORO,MACHALA,MACHALA,BANRED,BANCO DE GUAYAQUIL,TITUANA ARMIJOS OSWALDO ARSECIO,MULTINEGOCIOS  LISSETH,CNB,CDLA LOS GIRASOLES MZ A8 V 10,EL ORO,EC,FALSE,"CDLA LOS GIRASOLES MZ A8 V 10, MACHALA, MACHALA",-79.9639911,-3.2714641
1,EL ORO,MACHALA,MACHALA,BANRED,BANCO DE GUAYAQUIL,VIVANCO CORDOVA ALICIA DEL CARMEN,MINI MARRKET DON VICHE,CNB,PASAJE E/11 VA Y 12 VA OESTE,EL ORO,EC,FALSE,"PASAJE E/11 VA Y 12 VA OESTE, MACHALA, MACHALA",-79.94109399999999,-3.261906
1,EL ORO,MACHALA,MACHALA,BANRED,BANCO DE GUAYAQUIL,VILLACRES GARZON GINA MARITZA,TIENDA ANTONELLA,CNB,MACHALA CDLA. EL SOL MZ O VILLA 24 FRENT,EL ORO,EC,FALSE,"MACHALA CDLA. EL SOL MZ O VILLA 24 FRENT, MACHALA, MACHALA",-79.9463189,-3.2699977
1,EL ORO,MACHALA,MACHALA,BANRED,BANCO DE GUAYAQUIL,REYES SERAQUIVE ISMAEL RODRIGO,DISTRIBUIDORA REYES,CNB,BARRIO PATRIA NUEVA CALLE 18 AVA. OESTE,EL ORO,EC,FALSE,"BARRIO PATRIA NUEVA CALLE 18 AVA. OESTE, MACHALA, MACHALA",-79.97552999999999,-3.2567974
1,EL ORO,MACHALA,MACHALA,BANRED,BANCO DE GUAYAQUIL,VILLA ALVAREZ JUAN CARLOS,CELLSUR 2,CNB,ARIZAGA Y COLON ESQ.,EL ORO,EC,FALSE,"ARIZAGA Y COLON ESQ., MACHALA, MACHALA",-79.9585232,-3.2646639
1,EL ORO,MACHALA,MACHALA,BANRED,BANCO DE GUAYAQUIL,TOTOY GUAMAN SEGUNDO GREGORIO,COPIAS Y CABINAS 2,CNB,BOLIVAR E/ GUAYAS Y AYACUCHO FRENTE AL H,EL ORO,EC,FALSE,"BOLIVAR E/ GUAYAS Y AYACUCHO FRENTE AL H, MACHALA, MACHALA",-79.9606328,-3.2594223
1,EL ORO,MACHALA,MACHALA,BANRED,BANCO DE GUAYAQUIL,VILLA ALVAREZ JUAN CARLOS,CELLSUR,CNB,ARIZAGA Y COLON ESQUINA,EL ORO,EC,FALSE,"ARIZAGA Y COLON ESQUINA, MACHALA, MACHALA",-79.9585232,-3.2646639
1,EL ORO,MACHALA,MACHALA,BANRED,BANCO DE GUAYAQUIL,PARDO GALLEGOS ELVIA GUILLERMINA,TIENDA MINI BAZAR,CNB,B. 1 DE ENERO CALLE 15AVA SUR Y PROLONGA,EL ORO,EC,FALSE,"B. 1 DE ENERO CALLE 15AVA SUR Y PROLONGA, MACHALA, MACHALA",-79.94109399999999,-3.261906
1,EL ORO,MACHALA,MACHALA,BANRED,BANCO DE GUAYAQUIL,SUAREZ ROMERO NERY MARIA,MINIMARKET J & B,CNB,CDLA. LA PRIMAVERA MZ 3 VILLA 73 Y 74,EL ORO,EC,FALSE,"CDLA. LA PRIMAVERA MZ 3 VILLA 73 Y 74, MACHALA, MACHALA",-79.9463189,-3.2699977
1,EL ORO,MACHALA,MACHALA,BANRED,BANCO DE GUAYAQUIL,VERA SISALEMA GEOCONDA IRALDA,CIBER-CABINAS CARLITOS Y LAGO MAS…,CNB,JUNIN Y SUCRE A LADO DE PRODUCTOS NATURA,EL ORO,EC,FALSE,"JUNIN Y SUCRE A LADO DE PRODUCTOS NATURA, MACHALA, MACHALA",-79.95668409999999,-3.2600761
1,EL ORO,MACHALA,MACHALA,BANRED,BANCO DE GUAYAQUIL,CALI ISA JORGE ENRIQUE,ZONA DE RASPE,CNB,AV BOLIVAR E/JUNIN Y JUAN MONTALVO,EL ORO,EC,FALSE,"AV BOLIVAR E/JUNIN Y JUAN MONTALVO, MACHALA, MACHALA",-79.9591107,-3.2588449
1,EL ORO,MACHALA,MACHALA,BANRED,BANCO DE GUAYAQUIL,PLACENCIA AREVALO ALEXANDRA MARISOL,NOVEDADES ALEXANDRA,CNB,CALLEJON 6B NORTE E / COLON Y BUENAVISTA,EL ORO,EC,FALSE,"CALLEJON 6B NORTE E / COLON Y BUENAVISTA, MACHALA, MACHALA",-79.95787100000001,-3.2640119
1,EL ORO,MACHALA,MACHALA,BANRED,BANCO DE GUAYAQUIL,VERA CUCALON PEDRO JAVIER,CYBER PITERS,CNB,PASAJE E/ 6 OESTE Y PALMERAS,EL ORO,EC,FALSE,"PASAJE E/ 6 OESTE Y PALMERAS, MACHALA, MACHALA",-79.9579809,-3.2572825
1,EL ORO,MACHALA,MACHALA,BANRED,BANCO DE GUAYAQUIL,ALCIVAR ARCALLE ESTALIN ANTONIO,CYBER DETALLITOS,CNB,CDLA LOS VERGELES CALLE PRINCIPAL Y 4TA,EL ORO,EC,FALSE,"CDLA LOS VERGELES CALLE PRINCIPAL Y 4TA, MACHALA, MACHALA",-79.93737999999999,-3.251753
1,EL ORO,MACHALA,MACHALA,BANRED,BANCO DE GUAYAQUIL,MENDOZA GRANDA MAYRA ALEXANDRA,TIENDA MAYIYA,CNB,13AVA NORTE Y 10 DE AGOSTO,EL ORO,EC,FALSE,"13AVA NORTE Y 10 DE AGOSTO, MACHALA, MACHALA",-79.943646,-3.2551687
1,EL ORO,MACHALA,MACHALA,BANRED,BANCO DE GUAYAQUIL,GRANDA CHUQUIRIMA MAYELY DEL CISNE,CYBER ADRIANCITO 2,CNB,JUAN PALOMINO E/AV LAS AMERICAS Y JUAN B,EL ORO,EC,FALSE,"JUAN PALOMINO E/AV LAS AMERICAS Y JUAN B, MACHALA, MACHALA",-79.9636537,-3.2753521
1,EL ORO,MACHALA,MACHALA,BANRED,BANCO DE GUAYAQUIL,GRANDA CHUQUIRIMA MAYELY DEL CISNE,CYBER Y PAPELERIA ADRIANCITO,CNB,AVDA JUAN PALOMINO LOTIZACION OLIVA FADU,EL ORO,EC,FALSE,"AVDA JUAN PALOMINO LOTIZACION OLIVA FADU, MACHALA, MACHALA",-79.96231809999999,-3.2753851
1,EL ORO,MACHALA,MACHALA,BANRED,BANCO DE GUAYAQUIL,DI LORENZO ZAMBRANO VICENTE JAVIER,MOVIE/STREET,CNB,BOYACA E/ JUAN MONTALVO Y 9 DE MAYO,EL ORO,EC,FALSE,"BOYACA E/ JUAN MONTALVO Y 9 DE MAYO, MACHALA, MACHALA",-79.95639349999999,-3.2574535
1,EL ORO,MACHALA,MACHALA,BANRED,BANCO DE GUAYAQUIL,CORDOVA JIMENEZ MADELINE ALEXANDRA,PAÑALES DE JESUS,CNB,KLEBER FRANCO Y TARQUI.,EL ORO,EC,FALSE,"KLEBER FRANCO Y TARQUI., MACHALA, MACHALA",-79.9531853,-3.2577294
1,EL ORO,MACHALA,MACHALA,BANRED,BANCO DE GUAYAQUIL,CANAR SARANGO MARIA ESTHELA,NOVEDADES ELIZABETH,CNB,CDLA VOLUNTAD DE DIOS AVDA CHIMBORAZO Y,EL ORO,EC,FALSE,"CDLA VOLUNTAD DE DIOS AVDA CHIMBORAZO Y, MACHALA, MACHALA",-79.9553924,-3.2581112
1,EL ORO,MACHALA,MACHALA,BANRED,BANCO DE GUAYAQUIL,RESABALA DE LA CRUZ JOSE ARTURO,EL PALACIO DE LA FORTUNA 3,CNB,9 DE MAYO Y AV 25 JUNIO,EL ORO,EC,FALSE,"9 DE MAYO Y AV 25 JUNIO, MACHALA, MACHALA",-79.9588218,-3.2588424
1,EL ORO,MACHALA,MACHALA,BANRED,BANCO DE GUAYAQUIL,MOLINA RIQUELME JOSE GERMAN,LA TIENDA DEL CELULAR,CNB,PASAJE 607 E/ GUAYAS Y AYACUCHO,EL ORO,EC,FALSE,"PASAJE 607 E/ GUAYAS Y AYACUCHO, MACHALA, MACHALA",-79.9580301,-3.2572367
1,EL ORO,MACHALA,MACHALA,BANRED,BANCO DE GUAYAQUIL,PARRA ALVAREZ LISETH KARINA,BAZAR KIARITA,CNB,URB LAS ACACIAS MZ F JUNTO A DESPENSA PE,EL ORO,EC,FALSE,"URB LAS ACACIAS MZ F JUNTO A DESPENSA PE, MACHALA, MACHALA",-79.9315125,-3.2730165
1,EL ORO,MACHALA,MACHALA,BANRED,BANCO DE GUAYAQUIL,TOTOY GUAMAN SEGUNDO GREGORIO,COPIAS Y CABINAS 3,CNB,BOLIVAR E/ GUAYAS Y AYACUCHO,EL ORO,EC,FALSE,"BOLIVAR E/ GUAYAS Y AYACUCHO, MACHALA, MACHALA",-79.9606328,-3.2594223
1,EL ORO,MACHALA,MACHALA,BANRED,BANCO DE GUAYAQUIL,PLACENCIA AREVALO ALEXANDRA MARISOL,NOVEDADES ALEXANDRA 2,CNB,CALLEJON 6B NORTE E/COLON Y BUENAVISTA,EL ORO,EC,FALSE,"CALLEJON 6B NORTE E/COLON Y BUENAVISTA, MACHALA, MACHALA",-79.95787100000001,-3.2640119
1,EL ORO,MACHALA,MACHALA,BANRED,BANCO DE GUAYAQUIL,TITUANA SARI MONICA JANETH,BAZAR Y LIBRERÍA AMY,CNB,CDLA LA 4 MIL. FRENTE A LA CANCHA DE FUT,EL ORO,EC,FALSE,"CDLA LA 4 MIL. FRENTE A LA CANCHA DE FUT, MACHALA, MACHALA",-79.9339177,-3.268387
1,EL ORO,MACHALA,MACHALA,BANRED,BANCO DE GUAYAQUIL,CUENCA COJITAMBO BAYRON MAURICIO,BAYRON CELL,CNB,SUCRE Y GUAYAS,EL ORO,EC,FALSE,"SUCRE Y GUAYAS, MACHALA, MACHALA",-79.9589374,-3.2574842
1,EL ORO,MACHALA,MACHALA,BANRED,BANCO DE GUAYAQUIL,RESABALA DE LA CRUZ JOSE ARTURO,EL PALACIO DE LA FORTUNA 4,CNB,25 DE JUNIO Y NUEVE DE MAYO,EL ORO,EC,FALSE,"25 DE JUNIO Y NUEVE DE MAYO, MACHALA, MACHALA",-79.9588218,-3.2588424
1,EL ORO,MACHALA,MACHALA,BANRED,BANCO DE GUAYAQUIL,VINUEZA CASTRO FAUSTO ANIBAL,CABINAS 25 DE JUNIO 3,CNB,25 DE JUNIO Y AYACUCHO,EL ORO,EC,FALSE,"25 DE JUNIO Y AYACUCHO, MACHALA, MACHALA",-79.9600988,-3.257651
1,EL ORO,MACHALA,MACHALA,BANRED,BANCO DE GUAYAQUIL,VILLALTA MARTINEZ ESTHER MACHALA,CYBER MAYFER,CNB,"CALLE 10MA""C"" Y 19AVA OESTE EN CYBER MAY",EL ORO,EC,FALSE,"CALLE 10MA""C"" Y 19AVA OESTE EN CYBER MAY, MACHALA, MACHALA",-79.94109399999999,-3.261906
1,EL ORO,MACHALA,MACHALA,BANRED,BANCO DE GUAYAQUIL,VILLA ALVAREZ JUAN CARLOS,CELLSUR 3,CNB,ARIZAGA Y COLON ESQ.,EL ORO,EC,FALSE,"ARIZAGA Y COLON ESQ., MACHALA, MACHALA",-79.9585232,-3.2646639
1,EL ORO,MACHALA,MACHALA,BANRED,BANCO DE GUAYAQUIL,VALENCIA ZAPATA ALICIA KATHERINE,TIENDA LA FAVORITA,CNB,PTO.BOLIVAR CALLE PICHINCHA Y SUCRE,EL ORO,EC,FALSE,"PTO.BOLIVAR CALLE PICHINCHA Y SUCRE, MACHALA, MACHALA",-79.9993588,-3.2676941
1,EL ORO,MACHALA,MACHALA,BANRED,BANCO DE GUAYAQUIL,CALDERON CALDERON VICTOR HUGO,CYBER ANDRE,CNB,VELA E/BOLIVAR Y ROCAFUERTE,EL ORO,EC,FALSE,"VELA E/BOLIVAR Y ROCAFUERTE, MACHALA, MACHALA",-79.9628417,-3.2573793
1,EL ORO,MACHALA,MACHALA,BANRED,BANCO DE GUAYAQUIL,SANCHEZ BRAVO EDIN EFREN,FERRISUR,CNB,CDLA.ALCIDES PESANTEZ MZ A3 V8,EL ORO,EC,FALSE,"CDLA.ALCIDES PESANTEZ MZ A3 V8, MACHALA, MACHALA",-79.9653277,-3.2706882
1,EL ORO,MACHALA,MACHALA,BANRED,BANCO DE GUAYAQUIL,GRANDA OVIEDO BYRON MARCELO,FARMIGRAND,CNB,CIRCUNVALACION SUR - CALLE STA ROSA Y 15,EL ORO,EC,FALSE,"CIRCUNVALACION SUR - CALLE STA ROSA Y 15, MACHALA, MACHALA",-79.94109399999999,-3.261906
1,EL ORO,MACHALA,MACHALA,BANRED,BANCO DE GUAYAQUIL,NARVAEZ ONTANEDA ROSA EDITA,CYBER PUNTO DE ENCUENTRO,CNB,SAUCES #1 /11AVA ESTE Y 8AVA B NORTE,EL ORO,EC,TRUE,"MACHALA, MACHALA",-79.9553924,-3.2581112
1,EL ORO,MACHALA,MACHALA,BANRED,BANCO DE GUAYAQUIL,GIA GIA JAIME HERNAN,MULTICOMERCIO VIVIENDAS POPULARES,CNB,BARRIO VIVIENDAS POPULARES - TARQUI Y CA,EL ORO,EC,FALSE,"BARRIO VIVIENDAS POPULARES - TARQUI Y CA, MACHALA, MACHALA",-79.9449466,-3.2491782
1,EL ORO,MACHALA,MACHALA,BANRED,BANCO DE GUAYAQUIL,TORRES SANTANA SANDRA MARIA,BAZAR Y PAPELERIA MISHELL,CNB,AV. LAS PALMERAS E/13AVA Y 14AVA OESTE,EL ORO,EC,FALSE,"AV. LAS PALMERAS E/13AVA Y 14AVA OESTE, MACHALA, MACHALA",-79.97052,-3.2653774
1,EL ORO,MACHALA,MACHALA,BANRED,BANCO DE GUAYAQUIL,SORIA VICUNA EDUARDO VINICIO,CHALO´S,CNB,CDLA . JAIME ROLDOS MZ A 6 V32,EL ORO,EC,FALSE,"CDLA . JAIME ROLDOS MZ A 6 V32, MACHALA, MACHALA",-79.9636842,-3.2727217
1,EL ORO,MACHALA,MACHALA,BANRED,BANCO DE GUAYAQUIL,GALLEGOS MONTERO JUAN ABEL,WORLD TECH CENTER,CNB,AV. OLMEDO Y JUNIN,EL ORO,EC,FALSE,"AV. OLMEDO Y JUNIN, MACHALA, MACHALA",-79.9560425,-3.2594572
1,EL ORO,MACHALA,MACHALA,BANRED,BANCO DE GUAYAQUIL,RIERA ESPINOZA FRANCIA EDITH,TIENDA MY ANGEL,CNB,NAPOLEON MERA Y 8VA NORTE A,EL ORO,EC,FALSE,"NAPOLEON MERA Y 8VA NORTE A, MACHALA, MACHALA",-79.94779079999999,-3.2571942
1,EL ORO,MACHALA,MACHALA,BANRED,BANCO DE GUAYAQUIL,ARANA ZAMBRANO ELENA,NOVEDADES STEVEN,CNB,HECTOR CHICA Y 17AVA OESTE,EL ORO,EC,FALSE,"HECTOR CHICA Y 17AVA OESTE, MACHALA, MACHALA",-79.9745551,-3.2602216999999998
1,EL ORO,MACHALA,MACHALA,BANRED,BANCO DE GUAYAQUIL,PARRALES CARVAJAL JESSENIA VIVIANA,TIENDA NIÑA AYSHA,CNB,BARRIO 16 DE MARZO MZ-5B /JUAN LEON MERA,EL ORO,EC,FALSE,"BARRIO 16 DE MARZO MZ-5B /JUAN LEON MERA, MACHALA, MACHALA",-79.92955950000001,-3.2717577
1,EL ORO,MACHALA,MACHALA,BANRED,BANCO DE GUAYAQUIL,ARMIJOS ALVAREZ FANNY PATRICIA,TIENDA FANNY,CNB,SAUCES 2 MZ B,EL ORO,EC,FALSE,"SAUCES 2 MZ B, MACHALA, MACHALA",-79.9553601,-3.2396164
1,EL ORO,MACHALA,MACHALA,BANRED,BANCO DE GUAYAQUIL,GUAMAN CALI CRISTHIAN FERNANDO,SERVICIOS DE PAGOS ROSGU,CNB,AV. KLEBER FRANCO Y 9 DE MAYO,EL ORO,EC,FALSE,"AV. KLEBER FRANCO Y 9 DE MAYO, MACHALA, MACHALA",-79.95548269999999,-3.2553046
1,EL ORO,MACHALA,MACHALA,BANRED,BANCO DE GUAYAQUIL,VALAREZO ANAZCO AIDEE MIRANDA,COMERCIAL ANDRY,CNB,BARRIO LOS ALGARROBOS MZ E CALLE 10 DE A,EL ORO,EC,FALSE,"BARRIO LOS ALGARROBOS MZ E CALLE 10 DE A, MACHALA, MACHALA",-79.9379967,-3.2514909
1,EL ORO,MACHALA,MACHALA,BANRED,BANCO DE GUAYAQUIL,LAPO LOAYZA CARLOS ALBERTO,DESPENSA CARLITOS,CNB,CDLA LA CUATRO MIL PAJONAL Y 12AVA ESTE,EL ORO,EC,FALSE,"CDLA LA CUATRO MIL PAJONAL Y 12AVA ESTE, MACHALA, MACHALA",-79.9497701,-3.2703424
1,EL ORO,MACHALA,MACHALA,BANRED,BANCO DE GUAYAQUIL,GRANDA AYABACA DIANA MARIA,IATEC ASESORIAS,CNB,BUENAVISTA Y 11AVA C NORTE,EL ORO,EC,FALSE,"BUENAVISTA Y 11AVA C NORTE, MACHALA, MACHALA",-79.9476385,-3.2539308
1,EL ORO,MACHALA,MACHALA,BANRED,BANCO DE GUAYAQUIL,MOLINA RIQUELME JOSE GERMAN,LA TIENDA DEL CELULAR 2,CNB,PASAJE V-603 Y GUAYAS,EL ORO,EC,FALSE,"PASAJE V-603 Y GUAYAS, MACHALA, MACHALA",-79.9579809,-3.2572825
1,EL ORO,MACHALA,MACHALA,BANRED,BANCO DE GUAYAQUIL,MENDOZA ALVARADO JOHANNA MARIBEL,VIDEO MUNDO,CNB,JUNIN Y AV. PICHINCHA,EL ORO,EC,FALSE,"JUNIN Y AV. PICHINCHA, MACHALA, MACHALA",-79.9594295,-3.2624625
1,EL ORO,MACHALA,MACHALA,BANRED,BANCO DE GUAYAQUIL,SANCHEZ SUAREZ FREDDY JOHN BOLIVAR,COMERCIAL SANCHEZ,CNB,TARQUI V - 1404 Y BOYACA,EL ORO,EC,FALSE,"TARQUI V - 1404 Y BOYACA, MACHALA, MACHALA",-79.9522594,-3.2568094
1,EL ORO,MACHALA,MACHALA,BANRED,BANCO DE GUAYAQUIL,AGILA PINZON EDIN TOMAS,TECNICELL,CNB,AV SUCRE V 316 Y GUAYAS,EL ORO,EC,FALSE,"AV SUCRE V 316 Y GUAYAS, MACHALA, MACHALA",-79.9597885,-3.2564594
1,EL ORO,MACHALA,MACHALA,BANRED,BANCO DE GUAYAQUIL,MONTOYA APONTE FANNY MARGARITA,NOVEDADES DE FANNY,CNB,10MA SUR B Y 18AVA OESTE,EL ORO,EC,FALSE,"10MA SUR B Y 18AVA OESTE, MACHALA, MACHALA",-79.97636899999999,-3.2584802
1,EL ORO,MACHALA,MACHALA,BANRED,BANCO DE GUAYAQUIL,PLACENCIA AREVALO ALEXANDRA MARISOL,NOVEDADES ALEXANDRA 3,CNB,6TA NORTE B Y BUENAVISTA,EL ORO,EC,FALSE,"6TA NORTE B Y BUENAVISTA, MACHALA, MACHALA",-79.9515797,-3.2587329
1,EL ORO,MACHALA,MACHALA,BANRED,BANCO DE GUAYAQUIL,AGUILAR AGUIRRE ANA NATALIA,TECHNO CYBER,CNB,AV 25 DE JUNIO E/GUAYAQUIL Y PORTOVIEJO,EL ORO,EC,FALSE,"AV 25 DE JUNIO E/GUAYAQUIL Y PORTOVIEJO, MACHALA, MACHALA",-79.94899079999999,-3.2680067
1,EL ORO,MACHALA,MACHALA,BANRED,BANCO DE GUAYAQUIL,AGUILAR DAVILA KAREN YADIRA,CYBER CAFÉ CV,CNB,NAPOLEON MERA E PICHINCHA Y ARIZAGA,EL ORO,EC,FALSE,"NAPOLEON MERA E PICHINCHA Y ARIZAGA, MACHALA, MACHALA",-79.9559143,-3.2660213
1,EL ORO,MACHALA,MACHALA,BANRED,BANCO DE GUAYAQUIL,INTEGRAL PLUS AGENCIA DE VIAJES CIA LTDA,INTEGRAL PLUS,CNB,ARIZAGA E/JUAN MONTALVO Y 9 DE MAYO,EL ORO,EC,FALSE,"ARIZAGA E/JUAN MONTALVO Y 9 DE MAYO, MACHALA, MACHALA",-79.96097019999999,-3.2622382
1,EL ORO,MACHALA,MACHALA,BANRED,BANCO DE GUAYAQUIL,BRITO AREVALO JENNY MARGARITA,TIENDA JENNY,CNB,GUAYAS E/ BOYACA Y GUABO,EL ORO,EC,FALSE,"GUAYAS E/ BOYACA Y GUABO, MACHALA, MACHALA",-79.95757789999999,-3.2561039
1,EL ORO,MACHALA,MACHALA,BANRED,BANCO DE GUAYAQUIL,BONIFAZ BARREZUETA LISSETTE ANABELL,ZOE MAJOS CELL,CNB,ayacucho arizaga y general serrano,EL ORO,EC,FALSE,"ayacucho arizaga y general serrano, MACHALA, MACHALA",-79.9629968,-3.2602608
1,EL ORO,MACHALA,MACHALA,BANRED,BANCO DE GUAYAQUIL,MOCHA TORRES CAROL LISSETT,BAZAR Y LIBRERIA INTELECTUAL,CNB,CDLA LAS BRISAS MZ D6 VILLA 10,EL ORO,EC,FALSE,"CDLA LAS BRISAS MZ D6 VILLA 10, MACHALA, MACHALA",-79.9463189,-3.2699977
1,EL ORO,MACHALA,MACHALA,BANRED,BANCO DE GUAYAQUIL,TORRES CUENCA MARTHA ESPERANZA,TIENDA Y CYBER NINIKA,CNB,COLON Y 14AVA NORTE A 100 M DEL COLEGIO,EL ORO,EC,FALSE,"COLON Y 14AVA NORTE A 100 M DEL COLEGIO, MACHALA, MACHALA",-79.97275929999999,-3.2473536
1,EL ORO,MACHALA,MACHALA,BANRED,BANCO DE GUAYAQUIL,AGUILAR DAVILA KAREN YADIRA,CYBER CAFÉ CV 2,CNB,URBANIZACION CIUDAD VERDE EN EL AREA COM,EL ORO,EC,FALSE,"URBANIZACION CIUDAD VERDE EN EL AREA COM, MACHALA, MACHALA",-79.9297637,-3.2844669
1,EL ORO,MACHALA,MACHALA,BANRED,BANCO DE GUAYAQUIL,MOREIRA SALTOS NIXON MARK,ADONAI,CNB,ROCAFUERTE E/ NAPOLEON MERA Y BUENAVISTA,EL ORO,EC,FALSE,"ROCAFUERTE E/ NAPOLEON MERA Y BUENAVISTA, MACHALA, MACHALA",-79.95442750000001,-3.263727
1,EL ORO,MACHALA,MACHALA,BANRED,BANCO DE GUAYAQUIL,LOAYZA ESPINOZA ILLEANA MARIUXI,HELADERIA SWEET TIME,CNB,CDLA LAS BRISAS MZ A12 JUNTO AL HOSTAL E,EL ORO,EC,FALSE,"CDLA LAS BRISAS MZ A12 JUNTO AL HOSTAL E, MACHALA, MACHALA",-79.9600988,-3.257651
1,EL ORO,MACHALA,MACHALA,BANRED,BANCO DE GUAYAQUIL,VILLALTA MARTINEZ NARCISA PILAR,BAZAR NARCISA,CNB,10 NORTE 1305 E/ AYACUCHO Y STA ROSA,EL ORO,EC,FALSE,"10 NORTE 1305 E/ AYACUCHO Y STA ROSA, MACHALA, MACHALA",-79.9584606,-3.2554504
1,EL ORO,MACHALA,MACHALA,BANRED,BANCO DE GUAYAQUIL,VILLA GALLEGOS JOHANNA OLIMPIA,"UTILES ESCOLARES ""MINI BAZAR""",CNB, GRAN COLOMBIA 1620 E/ 6TA Y EL CISNE,EL ORO,EC,FALSE," GRAN COLOMBIA 1620 E/ 6TA Y EL CISNE, MACHALA, MACHALA",-79.9634062,-3.2545537
1,EL ORO,MACHALA,MACHALA,BANRED,BANCO DE GUAYAQUIL,SALAZAR PENARANDA JUDITH MARIA,NOVEDADES JUDITH,CNB,GRAL MANUEL SERRANO E/ JUNIN Y 9 DE MAYO,EL ORO,EC,FALSE,"GRAL MANUEL SERRANO E/ JUNIN Y 9 DE MAYO, MACHALA, MACHALA",-79.96081099999999,-3.2637123
1,EL ORO,MACHALA,MACHALA,BANRED,BANCO DE GUAYAQUIL,PLAZA REALPE ITALO ANIBAL,CIBER JAIR,CNB,NAPOLEON MERA E/BOLIVAR Y PICHINCHA,EL ORO,EC,FALSE,"NAPOLEON MERA E/BOLIVAR Y PICHINCHA, MACHALA, MACHALA",-79.95505969999999,-3.2646811
1,EL ORO,MACHALA,MACHALA,BANRED,BANCO DE GUAYAQUIL,SANTILLAN CHAVEZ KERLY JACQUELINE,GEOX.NET,CNB,AV LAS PALMERAS Y MARCEL LANIADO EN CC L,EL ORO,EC,FALSE,"AV LAS PALMERAS Y MARCEL LANIADO EN CC L, MACHALA, MACHALA",-79.9583944,-3.2509878
1,EL ORO,MACHALA,MACHALA,BANRED,BANCO DE GUAYAQUIL,LEON SANTANDER EDGAR ADRIAN,LETCON,CNB,CALLE AMBROSIO GUMAL E/JUNIN Y TARQUI,EL ORO,EC,FALSE,"CALLE AMBROSIO GUMAL E/JUNIN Y TARQUI, MACHALA, MACHALA",-79.9629515,-3.2658174
1,EL ORO,MACHALA,MACHALA,BANRED,BANCO DE GUAYAQUIL,AGUILAR APOLO EDISON ROBERTO,CABINAS TANIA,CNB,ROCAFUERTE Y TARQUI,EL ORO,EC,FALSE,"ROCAFUERTE Y TARQUI, MACHALA, MACHALA",-79.95691289999999,-3.2615656
1,EL ORO,MACHALA,MACHALA,BANRED,BANCO DE GUAYAQUIL,BENALCAZAR TELLO DIANA ESMERALDA,TIENDA LA CURVA,CNB,FLORIDA SECTOR 6 CALLE RODOLFO AGUILERA,EL ORO,EC,FALSE,"FLORIDA SECTOR 6 CALLE RODOLFO AGUILERA, MACHALA, MACHALA",-79.96285200000001,-3.2781741
1,EL ORO,MACHALA,MACHALA,BANRED,BANCO DE GUAYAQUIL,LARGO OCHOA JONATHAN FRANCISCO,TIENDA JV,CNB,"BARRIO NUEVO PILO CALLE 1ERA ESTE ""A"" MZ",EL ORO,EC,TRUE,"MACHALA, MACHALA",-79.9553924,-3.2581112
1,EL ORO,MACHALA,MACHALA,BANRED,BANCO DE GUAYAQUIL,RIOFRIO SALINAS DOLORES MARGARITA,BAZAR Y PAPELERIA M&E,CNB,BARRIO VENEZUELA MZ 3D JOSE BORJA Y 21AV,EL ORO,EC,FALSE,"BARRIO VENEZUELA MZ 3D JOSE BORJA Y 21AV, MACHALA, MACHALA",-79.965335,-3.2745539
1,EL ORO,MACHALA,MACHALA,BANRED,BANCO DE GUAYAQUIL,VEGA TORRES MARTHA MARIA,TIENDA MARTHITA,CNB,URBANIZACION PUERTAS DEL SOL VIA BALOSA,EL ORO,EC,FALSE,"URBANIZACION PUERTAS DEL SOL VIA BALOSA, MACHALA, MACHALA",-79.95752399999999,-3.296418
1,EL ORO,MACHALA,MACHALA,BANRED,BANCO DE GUAYAQUIL,BARAHONA CARPIO BLANCA ESMERALDA,COPYCOM FO,CNB,MANUEL SERRANO Y 9 DE MAYO,EL ORO,EC,FALSE,"MANUEL SERRANO Y 9 DE MAYO, MACHALA, MACHALA",-79.96205929999999,-3.2625387
1,EL ORO,MACHALA,MACHALA,BANRED,BANCO DE GUAYAQUIL,ZAPATA HERAS ANGELA MERCY,TIENDA ANGELITA,CNB,2DA SUR A Y 24AVA OESTE,EL ORO,EC,FALSE,"2DA SUR A Y 24AVA OESTE, MACHALA, MACHALA",-79.94109399999999,-3.261906
1,EL ORO,MACHALA,MACHALA,BANRED,BANCO DE GUAYAQUIL,ZAMORA PULLA MELBA JANETH,MIAMI 3 COSMETICOS EN GENERAL,CNB,AV MANUEL SERRANO V-921 Y TARQUI,EL ORO,EC,FALSE,"AV MANUEL SERRANO V-921 Y TARQUI, MACHALA, MACHALA",-79.9565327,-3.2670467
1,EL ORO,MACHALA,MACHALA,BANRED,BANCO DE GUAYAQUIL,ARMAS SANTAMARIA MAYRA ELIZABETH,PAPELERIA Y BAZAR MAYRA,CNB,BARRIO URSEZA 3 Y CALLE 2 ATRÁS DEL COLE,EL ORO,EC,FALSE,"BARRIO URSEZA 3 Y CALLE 2 ATRÁS DEL COLE, MACHALA, MACHALA",-79.9467134,-3.2702779
1,EL ORO,MACHALA,MACHALA,BANRED,BANCO DE GUAYAQUIL,MEDINA AGUILAR JUSTO NILSON,HAPPY CELL,CNB,9 DE MAYO Y AV PICHINCHA,EL ORO,EC,FALSE,"9 DE MAYO Y AV PICHINCHA, MACHALA, MACHALA",-79.9608013,-3.2610715
1,EL ORO,MACHALA,MACHALA,BANRED,BANCO DE GUAYAQUIL,GALLARDO ASANZA GUIDO FERNANDO,NEGOCIOS GALLARDO,CNB,9 DE MAYO Y HECTOR CHICA,EL ORO,EC,FALSE,"9 DE MAYO Y HECTOR CHICA, MACHALA, MACHALA",-79.96601609999999,-3.2667744
1,EL ORO,MACHALA,MACHALA,BANRED,BANCO DE GUAYAQUIL,CASTILLO PERALTA CARLOS ANDRES,TIENDA ANDRIU,CNB,9 DE MAYO Y AV MARCEL LANIADO,EL ORO,EC,FALSE,"9 DE MAYO Y AV MARCEL LANIADO, MACHALA, MACHALA",-79.9546272,-3.2544124
1,EL ORO,MACHALA,MACHALA,BANRED,BANCO DE GUAYAQUIL,JIMENEZ MARTINEZ MARIA MARLENE,TIENDA EL GATO,CNB,GUAYAS Y 8VA NORTE B,EL ORO,EC,FALSE,"GUAYAS Y 8VA NORTE B, MACHALA, MACHALA",-79.95421809999999,-3.2527313
1,EL ORO,MACHALA,MACHALA,BANRED,BANCO DE GUAYAQUIL,ROMAN ROMERO JORGE GUIBERTO,ALMACEN EL CONSTRUCTOR,CNB,AV FULTON FRANCO C V-710 Y AV SIMON BOLI,EL ORO,EC,FALSE,"AV FULTON FRANCO C V-710 Y AV SIMON BOLI, MACHALA, MACHALA",-79.97083289999999,-3.2559693
1,EL ORO,MACHALA,MACHALA,BANRED,BANCO DE GUAYAQUIL,PALADINEZ MONCADA MARIA DOCINDA,FERRETERIA Y ALGO MAS EMMANUEL,CNB,BARRIO LOS CEIBOS AV CIRCUNVALACION SU,EL ORO,EC,FALSE,"BARRIO LOS CEIBOS AV CIRCUNVALACION SU, MACHALA, MACHALA",-79.975396,-3.2525421
1,EL ORO,MACHALA,MACHALA,BANRED,BANCO DE GUAYAQUIL,SOLORZANO MACIAS RINA ELIZABETH,MINI MARKET ELIZABETH,CNB,AV KLEBER FRANCO C Y AYACUCHO,EL ORO,EC,FALSE,"AV KLEBER FRANCO C Y AYACUCHO, MACHALA, MACHALA",-79.9564819,-3.25424
1,EL ORO,MACHALA,MACHALA,BANRED,BANCO DE GUAYAQUIL,ESPINOSA CRIOLLO CARLOS MANUEL,CENTRO DE COPIADO DIVINO NIÑO,CNB,JUAN MONTALVO V-2709 Y AV SAN MARTIN,EL ORO,EC,FALSE,"JUAN MONTALVO V-2709 Y AV SAN MARTIN, MACHALA, MACHALA",-79.9631414,-3.2647545
1,EL ORO,MACHALA,MACHALA,BANRED,BANCO DE GUAYAQUIL,BARROS VEGA JESSY CAROLINA,PAPELERIA EDUCAR,CNB,8VA SUR B Y SIMON FERNANDEZ J,EL ORO,EC,FALSE,"8VA SUR B Y SIMON FERNANDEZ J, MACHALA, MACHALA",-79.97183559999999,-3.2620638
1,EL ORO,MACHALA,MACHALA,BANRED,BANCO DE GUAYAQUIL,AREVALO GRANJA MIOZZOTTY NARCISA,FERRETERIA MIO,CNB,AV BOLIVAR MADERO VARGAS 0 24AVA OEST,EL ORO,EC,FALSE,"AV BOLIVAR MADERO VARGAS 0 24AVA OEST, MACHALA, MACHALA",-79.97163359999999,-3.2532815
1,EL ORO,MACHALA,MACHALA,BANRED,BANCO DE GUAYAQUIL,PARDO PINTADO JENNY JACQUELINE,TIENDA LUIS ELIAN,CNB,17 DE SEPTIEMBRE 0 27 DE OCTUBRE,EL ORO,EC,FALSE,"17 DE SEPTIEMBRE 0 27 DE OCTUBRE, MACHALA, MACHALA",-79.96718109999999,-3.2547824
1,EL ORO,MACHALA,MACHALA,BANRED,BANCO DE GUAYAQUIL,DIAZ CORDOVA MANUEL ANTONIO,FARMACIA LA SALUD,CNB,BOYACA 0 SANTA ROSA,EL ORO,EC,FALSE,"BOYACA 0 SANTA ROSA, MACHALA, MACHALA",-79.95697609999999,-3.2567992
1,EL ORO,MACHALA,MACHALA,BANRED,BANCO DE GUAYAQUIL,PACHECO CALLE LUIS ENRIQUE,TIENDA ROSITA,CNB,NOVENA SUR 0 E SEXTA Y SÉPTIMA OESTE,EL ORO,EC,FALSE,"NOVENA SUR 0 E SEXTA Y SÉPTIMA OESTE, MACHALA, MACHALA",-79.96126269999999,-3.2502004
1,EL ORO,MACHALA,MACHALA,BANRED,BANCO DE GUAYAQUIL,ROMAN CABRERA JOSSEPH ELADIO,FORMAX SPORTS,CNB,PAEZ 0 BOYACA Y GUABO,EL ORO,EC,FALSE,"PAEZ 0 BOYACA Y GUABO, MACHALA, MACHALA",-79.95301780000001,-3.2560922
1,EL ORO,MACHALA,MACHALA,BANRED,BANCO DE GUAYAQUIL,CAMPOVERDE QUISHPE MARIA DEL CISNE,NOVEDADES JHON EDWARD,CNB,CDLA ALCIDES PESANTEZ VILLA 17 CIRCUNV,EL ORO,EC,FALSE,"CDLA ALCIDES PESANTEZ VILLA 17 CIRCUNV, MACHALA, MACHALA",-79.9653277,-3.2706882
1,EL ORO,MACHALA,MACHALA,BANRED,BANCO DE GUAYAQUIL,CRUZ CHAVEZ GISSELA ILIANA,MUELLE GISSEL 2,CNB,ESTERO HUAYLA 0 JUNIN,EL ORO,EC,TRUE,"MACHALA, MACHALA",-79.9553924,-3.2581112
1,EL ORO,MACHALA,MACHALA,BANRED,BANCO DE GUAYAQUIL,CHAMBA GUERRERO MONICA PATRICIA,COMPUNORT,CNB,GUAYAS 0 ONCEAVA NORTE,EL ORO,EC,FALSE,"GUAYAS 0 ONCEAVA NORTE, MACHALA, MACHALA",-79.9539143,-3.2523941
1,EL ORO,MACHALA,MACHALA,BANRED,BANCO DE GUAYAQUIL,CASTILLO PALADINES MARIA EUGENIA,TIENDA Y BAZAR EMMANUEL,CNB,CIRCUNVALACIÓN SUR 0 AV DE LAS AMERICAS,EL ORO,EC,FALSE,"CIRCUNVALACIÓN SUR 0 AV DE LAS AMERICAS, MACHALA, MACHALA",-79.94109399999999,-3.261906
1,EL ORO,MACHALA,MACHALA,BANRED,BANCO DE GUAYAQUIL,ZUNIGA REYES ANGEL MARTIN,TIENDA PEPITO,CNB,QUINTA NORTE 233 E JORGE MURILLO Y 23 DE,EL ORO,EC,FALSE,"QUINTA NORTE 233 E JORGE MURILLO Y 23 DE, MACHALA, MACHALA",-79.9649343,-3.2522264
1,EL ORO,MACHALA,MACHALA,BANRED,BANCO DE GUAYAQUIL,AYALA LOAYZA LIDA PIEDAD,MINIMARKET BARCELONA,CNB,CATORCEAVA OESTE 0 MANUEL ESTOMBA,EL ORO,EC,FALSE,"CATORCEAVA OESTE 0 MANUEL ESTOMBA, MACHALA, MACHALA",-79.9609881,-3.2658237
1,EL ORO,MACHALA,MACHALA,BANRED,BANCO DE GUAYAQUIL,ROJAS RAMIREZ CECILIA CUMANDA,TIENDA ALEX Y AMY,CNB,HÉCTOR CHICA 0 NOVENA OESTE,EL ORO,EC,FALSE,"HÉCTOR CHICA 0 NOVENA OESTE, MACHALA, MACHALA",-79.97012389999999,-3.263183
1,EL ORO,MACHALA,MACHALA,BANRED,BANCO DE GUAYAQUIL,CARCHIPULLA GUAMAN JOSE RODRIGO,MARKET JC,CNB,COLON 0 E/ OCTAVA Y NOVENA NORTE,EL ORO,EC,FALSE,"COLON 0 E/ OCTAVA Y NOVENA NORTE, MACHALA, MACHALA",-79.97001279999999,-3.2601745
1,EL ORO,MACHALA,MACHALA,BANRED,BANCO DE GUAYAQUIL,DOMINGUEZ CHILLOGALLI MARITZA DEL PILAR,FARMACIA EL CONDOR,CNB,NUEVE DE MAYO  S/N AV LAS AMERICAS,EL ORO,EC,FALSE,"NUEVE DE MAYO   AV LAS AMERICAS, MACHALA, MACHALA",-79.958637,-3.2580197
1,EL ORO,MACHALA,MACHALA,BANRED,BANCO DE GUAYAQUIL,ORDONEZ MARQUEZ DANNY MAURICIO,CYBER INTERACTIVO,CNB,10 DE AGOSTO 0 NOVENA NORTE,EL ORO,EC,FALSE,"10 DE AGOSTO 0 NOVENA NORTE, MACHALA, MACHALA",-79.948287,-3.2601422
1,EL ORO,MACHALA,MACHALA,BANRED,BANCO DE GUAYAQUIL,JACOME VILLACRES STEFANY LISSETH,DESPENSA HAAAAKIIII,CNB,AV DE LAS PALMERAS 0 AV MANUEL ESTOMBA,EL ORO,EC,FALSE,"AV DE LAS PALMERAS 0 AV MANUEL ESTOMBA, MACHALA, MACHALA",-79.9633353,-3.2569297
1,EL ORO,MACHALA,MACHALA,BANRED,BANCO DE GUAYAQUIL,ARIAS AGUILAR DIEGO ARMANDO,FANDIE,CNB,OLMEDO 0 TARQUI Y JUNIN,EL ORO,EC,FALSE,"OLMEDO 0 TARQUI Y JUNIN, MACHALA, MACHALA",-79.9564137,-3.2599115
1,EL ORO,MACHALA,MACHALA,BANRED,BANCO DE GUAYAQUIL,JIMENEZ CANAR GERMANIA HERMANDINA,MINIMARKET WILLIAMS,CNB,BUENAVISTA 2712 E BOLIVAR Y DR COLÓN,EL ORO,EC,FALSE,"BUENAVISTA 2712 E BOLIVAR Y DR COLÓN, MACHALA, MACHALA",-79.9544282,-3.2612073
1,EL ORO,MACHALA,MACHALA,BANRED,BANCO DE GUAYAQUIL,LOAYZA FEIJOO BLANCA MARISOL,TIENDA ARMANA,CNB,AV FERROVIARIA 0 PRIMERA Y SEGUNDA ESTE,EL ORO,EC,FALSE,"AV FERROVIARIA 0 PRIMERA Y SEGUNDA ESTE, MACHALA, MACHALA",-79.895188,-3.2896166
1,EL ORO,MACHALA,MACHALA,BANRED,BANCO DE GUAYAQUIL,AGUILAR CAMACHO FREDDY GUILLERMO,MINIMARKET JEWS,CNB,VEINTICINCO DE JUNIO 0 ONCEAVA OESTE,EL ORO,EC,FALSE,"VEINTICINCO DE JUNIO 0 ONCEAVA OESTE, MACHALA, MACHALA",-79.9523968,-3.2649958
1,EL ORO,MACHALA,MACHALA,BANRED,BANCO DE GUAYAQUIL,ORDONEZ RIOS SHIRLEY MIREYA,DISTRIBUIDORA SORIOS,CNB,BOYACA 0 NUEVE DE MAYO Y GUAYAS,EL ORO,EC,FALSE,"BOYACA 0 NUEVE DE MAYO Y GUAYAS, MACHALA, MACHALA",-79.95697609999999,-3.2567992
1,EL ORO,MACHALA,MACHALA,BANRED,BANCO DE GUAYAQUIL,CORREA MAZA VICTOR ANDRES,TIENDA MADELEY,CNB,EL CISNE CALLE SÉPTIMA OESTE 0 KL,EL ORO,EC,FALSE,"EL CISNE CALLE SÉPTIMA OESTE 0 KL, MACHALA, MACHALA",-79.9621779,-3.2510302
1,EL ORO,MACHALA,MACHALA,BANRED,BANCO DE GUAYAQUIL,GUTIERREZ CHAMBA YADIRA FRANCISCA,BAZAR FRANCHY,CNB,PASAJE 0 CATORCEAVA NORTE,EL ORO,EC,FALSE,"PASAJE 0 CATORCEAVA NORTE, MACHALA, MACHALA",-79.9624163,-3.2530938
1,EL ORO,MACHALA,MACHALA,BANRED,BANCO DE GUAYAQUIL,JIMENEZ VELEZ SOCORRO EPIFANIA,MULTINEGOCIOS LOS HIJOS MIOS,CNB,TARQUI 0 ONCEAVA NORTE,EL ORO,EC,FALSE,"TARQUI 0 ONCEAVA NORTE, MACHALA, MACHALA",-79.9522594,-3.2568094
1,EL ORO,MACHALA,MACHALA,BANRED,BANCO DE GUAYAQUIL,ALAVA CANDO MIRIAM INES,CENTRO DE COPIADO ATG,CNB,GENERAL SERRANO 0 AYACUCHO,EL ORO,EC,FALSE,"GENERAL SERRANO 0 AYACUCHO, MACHALA, MACHALA",-79.9605484,-3.257812
1,EL ORO,MACHALA,MACHALA,BANRED,BANCO DE GUAYAQUIL,VARGAS VARGAS DAMIAN ALBERTO,CYBER JAIR,CNB,COLON 0 OLMEDO ESQUINA,EL ORO,EC,FALSE,"COLON 0 OLMEDO ESQUINA, MACHALA, MACHALA",-79.9553801,-3.2600373
1,EL ORO,MACHALA,MACHALA,BANRED,BANCO DE GUAYAQUIL,PAZ ROSA ANGELICA,ROSS ANGELL,CNB,9 DE MAYO 0 OCTAVA C NORTE,EL ORO,EC,FALSE,"9 DE MAYO 0 OCTAVA C NORTE, MACHALA, MACHALA",-79.9614742,-3.2617406
1,EL ORO,MACHALA,MACHALA,BANRED,BANCO DE GUAYAQUIL,FEIJOO AGUILAR JOHANNA CLEMENCIA,BAZAR Y NOVEDADES JOHANNA,CNB,GUAYACANES 0 OCTAVA ESTE,EL ORO,EC,FALSE,"GUAYACANES 0 OCTAVA ESTE, MACHALA, MACHALA",-79.94109399999999,-3.261906
1,EL ORO,MACHALA,MACHALA,BANRED,BANCO DE GUAYAQUIL,AJILA MERCI ALEXANDRA,CYBER SALINAS,CNB,BOLIVAR 0 JUAN MONTALVO,EL ORO,EC,FALSE,"BOLIVAR 0 JUAN MONTALVO, MACHALA, MACHALA",-79.9594116,-3.2605274
1,EL ORO,MACHALA,MACHALA,BANRED,BANCO DE GUAYAQUIL,JARAMILLO GALLARDO WILMAN EFREN,MINIMARKET JOSELYN,CNB,BABAHOYO 736 E/ QUITO Y CUENCA,EL ORO,EC,FALSE,"BABAHOYO 736 E/ QUITO Y CUENCA, MACHALA, MACHALA",-79.94925169999999,-3.2666959
1,EL ORO,MACHALA,MACHALA,BANRED,BANCO DE GUAYAQUIL,PACCHA TAMAY JULIO GONZALO,EL PORVENIR,CNB,GUAYAS 1212 MARCEL LANIADO Y KLEBER FRAN,EL ORO,EC,FALSE,"GUAYAS 1212 MARCEL LANIADO Y KLEBER FRAN, MACHALA, MACHALA",-79.9520422,-3.2578609
